"code","name","descritpion"
"7175","Akcja rekrutacyjna",""
"PL1079","Listopadowa ulotka rekrutacyjna 2022 (10 szt.)",""
"PL1066","Katalog Betterstyle (20 szt.) Listopad 2022","zaimportowany z excela 2022-10-13 13:28:06:241"
"PL1067","Katalog Betterstyle (40 szt.) Listopad 2022","zaimportowany z excela 2022-10-13 13:28:06:241"
"PL1068","Katalog Betterstyle (120 szt.) Listopad 2022","zaimportowany z excela 2022-10-13 13:28:06:241"
"PL1069","Cennik Betterstyle Listopad 2022","zaimportowany z excela 2022-10-13 13:28:06:241"
"PL1074","Katalog Betterstyle (20 szt.) Grudzień 2022","zaimportowany z excela 2022-10-13 13:28:06:241"
"PL1075","Katalog Betterstyle (40 szt.) Grudzień 2022","zaimportowany z excela 2022-10-13 13:28:06:241"
"PL1077","Cennik Betterstyle Grudzień 2022","zaimportowany z excela 2022-10-13 13:28:06:241"
"1122CZ","Katalog Czeski Listopad 2022 (1 szt.)","zaimportowany z excela 2022-10-13 13:28:06:241"
"CZ672","Czeski Katalog Listopad 2022 (10 szt.)","zaimportowany z excela 2022-10-13 13:28:06:241"
"1222CZ","Katalog Czeski Grudzień 2022 (1 szt.)","zaimportowany z excela 2022-10-13 13:28:06:241"
"CZ675","Czeski Katalog Prosinec - Grudzień 2022 (10 szt.)","zaimportowany z excela 2022-10-13 13:28:06:241"
"0003","Łatwy start krok 1","zaimportowany z excela 2022-10-13 13:28:06:241"
"0213","Łatwy start krok 2","zaimportowany z excela 2022-10-13 13:28:06:241"
"0409","Łatwy start krok 3","zaimportowany z excela 2022-10-13 13:28:06:241"
"ML108","Woda perfumowana La Rosita","zaimportowany z excela 2022-10-13 13:28:06:241"
"ML016","Próbka perfum Fever 1ml","zaimportowany z excela 2022-10-13 13:28:06:241"
"ML020","Torebka papierowa ECO Blue Nature","zaimportowany z excela 2022-10-13 13:28:06:241"
"ML025","Reklamówki dla klientów (10 szt.)","zaimportowany z excela 2022-10-13 13:28:06:241"
"ML026","Reklamówki do startera (1 szt.)","zaimportowany z excela 2022-10-13 13:28:06:241"
"ML027","Próbka kremu do twarzy na dzień i na noc Hydroclinic, 2 ml – 1 szt.","zaimportowany z excela 2022-10-13 13:28:06:241"
"ML028","Próbka kremu do twarzy na dzień i na noc HYDROCLINIC, 2 ml – pakiet 5 szt","zaimportowany z excela 2022-10-13 13:28:06:241"
"ML029","Piórnik na próbki zapachów","zaimportowany z excela 2022-10-13 13:28:06:241"
"ML030","Miniaturka męskiej wody perfumowanej Spartan","zaimportowany z excela 2022-10-13 13:28:06:241"
"ML031","Miniaturka wody perfumowanej Caramella","zaimportowany z excela 2022-10-13 13:28:06:241"
"ML032","Miniaturka wody perfumowanej La Rosita","zaimportowany z excela 2022-10-13 13:28:06:241"
"PL905","KONFERENCJA VIP 2022","zaimportowany z excela 2022-10-13 13:28:06:241"
"PL081","Twoje pierwsze 90 dni","zaimportowany z excela 2022-10-13 13:28:06:241"
"PL090K","Pakiet Biznesowy","zaimportowany z excela 2022-10-13 13:28:06:241"
"PL5066","Ulotka Hair&Nails Complex (5 szt.)","zaimportowany z excela 2022-10-13 13:28:06:241"
"PL5037","Ulotka Fat Burn Piperine (5 szt.)","zaimportowany z excela 2022-10-13 13:28:06:241"
"PL5039","Ulotka Vitamin C Natural (5 szt.)","zaimportowany z excela 2022-10-13 13:28:06:241"
"PL5042","Ulotka Antioxidants Green Tea (5 szt.)","zaimportowany z excela 2022-10-13 13:28:06:241"
"PL5038","Ulotka Immunity Garlic Power (5 szt.)","zaimportowany z excela 2022-10-13 13:28:06:241"
"PL5024","Ulotka Fish Collagen Joints & Skin (5 szt.)","zaimportowany z excela 2022-10-13 13:28:06:241"
"PL5053","Ulotka D3 2000 ADE+K (5 szt.)","zaimportowany z excela 2022-10-13 13:28:06:241"
"ML078","Koszulka polo męska z logo BetterStyle (M)","zaimportowany z excela 2022-10-13 13:28:06:241"
"ML080","Koszulka polo męska z logo BetterStyle (XL)","zaimportowany z excela 2022-10-13 13:28:06:241"
"ML081","Koszulka polo męska z logo BetterStyle (XXL)","zaimportowany z excela 2022-10-13 13:28:06:241"
"4217","Podkładka do pieczenia","zaimportowany z excela 2022-10-13 13:28:06:241"
"9145","Foremki ze stempelkami","zaimportowany z excela 2022-10-13 13:28:06:241"
"9123","Świąteczna mata-dywanik","zaimportowany z excela 2022-10-13 13:28:06:241"
"8015","Pochłaniacz wilgoci","zaimportowany z excela 2022-10-13 13:28:06:241"
"9128","Poszewka na poduszkę Krasnal","zaimportowany z excela 2022-10-13 13:28:06:241"
"9129","Poszewka na poduszkę Merry Christmas","zaimportowany z excela 2022-10-13 13:28:06:241"
"9144","Podkładki pod talerze Krasnal","zaimportowany z excela 2022-10-13 13:28:06:241"
"9137","Ozdobna podkładka pod talerz","zaimportowany z excela 2022-10-13 13:28:06:241"
"9932","Dekoracja na butelkę","zaimportowany z excela 2022-10-13 13:28:06:241"
"9088","Ozdobne składane choinki srebrne","zaimportowany z excela 2022-10-13 13:28:06:241"
"8354","Zestaw 6 wosków do kominka kwiat wiśni","zaimportowany z excela 2022-10-13 13:28:06:241"
"8400","Zestaw 6 wosków do kominka jabłko-cynamon","zaimportowany z excela 2022-10-13 13:28:06:241"
"9934","Magnesy na lodówkę „Choinki i sanie”","zaimportowany z excela 2022-10-13 13:28:06:241"
"9035","Przezroczyste okrągłe plasterki na paczki 100 naklejek","zaimportowany z excela 2022-10-13 13:28:06:241"
"9131","Lista zakupów Bałwanek","zaimportowany z excela 2022-10-13 13:28:06:241"
"9146","Zestaw naklejek na prezenty","zaimportowany z excela 2022-10-13 13:28:06:241"
"9127","Świecący pierścionek - Mikołaj","zaimportowany z excela 2022-10-13 13:28:06:241"
"9138","Opaska na głowę","zaimportowany z excela 2022-10-13 13:28:06:241"
"9126","Czerwona forma Silikonowa - 120 gram","zaimportowany z excela 2022-10-13 13:28:06:241"
"9141","Rękawiczka i podkładka","zaimportowany z excela 2022-10-13 13:28:06:241"
"4713","Forma silikonowa COOKIE","zaimportowany z excela 2022-10-13 13:28:06:241"
"9124","Silikonowa forma Choinka","zaimportowany z excela 2022-10-13 13:28:06:241"
"4260","Silikonowy dzbanuszek do roztapiania czekolady","zaimportowany z excela 2022-10-13 13:28:06:241"
"4550","Trójboczna forma do pieczenia","zaimportowany z excela 2022-10-13 13:28:06:241"
"4547","Szpatułka do ciasta","zaimportowany z excela 2022-10-13 13:28:06:241"
"4490","Separator do jajek","zaimportowany z excela 2022-10-13 13:28:06:241"
"4742","Dzbanek z miarką 1 litr","zaimportowany z excela 2022-10-13 13:28:06:241"
"4741","Dzbanek z miarką 250 ml","zaimportowany z excela 2022-10-13 13:28:06:241"
"4324","Foremka do ciasetczek płatki sniegu","zaimportowany z excela 2022-10-13 13:28:06:241"
"4323","Foremka do ciasteczek Choinka","zaimportowany z excela 2022-10-13 13:28:06:241"
"4759","Silikonowa mata do ciasta ","zaimportowany z excela 2022-10-13 13:28:06:241"
"3009","Duży silikonowy wałek do ciasta","zaimportowany z excela 2022-10-13 13:28:06:241"
"4750","Forma silikonowa na babeczki","zaimportowany z excela 2022-10-13 13:28:06:241"
"4551","Okrągła forma do pieczenia","zaimportowany z excela 2022-10-13 13:28:06:241"
"4133","Lejek - dozownik do ciasta","zaimportowany z excela 2022-10-13 13:28:06:241"
"368631","Ochronna pokrywka do miksera","zaimportowany z excela 2022-10-13 13:28:06:241"
"4753","Trzepaczka rotacyjna","zaimportowany z excela 2022-10-13 13:28:06:241"
"4083","Obrotowa patera na ciasto","zaimportowany z excela 2022-10-13 13:28:06:241"
"4118","Szprycka do dekoracji ciast","zaimportowany z excela 2022-10-13 13:28:06:241"
"4264","Silikonowy rękaw cukierniczy","zaimportowany z excela 2022-10-13 13:28:06:241"
"4268","Zestaw szpatułek","zaimportowany z excela 2022-10-13 13:28:06:241"
"4785","Nóż cukierniczy","zaimportowany z excela 2022-10-13 13:28:06:241"
"4575","Radełko","zaimportowany z excela 2022-10-13 13:28:06:241"
"4487","Nóż strunowy do ciasta","zaimportowany z excela 2022-10-13 13:28:06:241"
"4769","Szpatułka wielofunkcyjna","zaimportowany z excela 2022-10-13 13:28:06:241"
"4062","Wykrawacz do donatów","zaimportowany z excela 2022-10-13 13:28:06:241"
"4381","Szczypce z sitkiem do odsączania","zaimportowany z excela 2022-10-13 13:28:06:241"
"4779","Długa łopatka teflonowa ","zaimportowany z excela 2022-10-13 13:28:06:241"
"4320","Silikonowy pędzelek z pojemnikiem","zaimportowany z excela 2022-10-13 13:28:06:241"
"4111","Okrągła pokrywka ochronna","zaimportowany z excela 2022-10-13 13:28:06:241"
"4477","Nóż do twardego masła","zaimportowany z excela 2022-10-13 13:28:06:241"
"368503","Profesjonalny nóż do ananasa","zaimportowany z excela 2022-10-13 13:28:06:241"
"4763","Deska do krojenia z ociekaczem","zaimportowany z excela 2022-10-13 13:28:06:241"
"8572","Uchwyt na torebkę foliową","zaimportowany z excela 2022-10-13 13:28:06:241"
"368514","Nożyk do chipsów","zaimportowany z excela 2022-10-13 13:28:06:241"
"4774","Dozownik w sprayu do oliwy lub octu ","zaimportowany z excela 2022-10-13 13:28:06:241"
"4747","Szklany pojemnik na przyprawy","zaimportowany z excela 2022-10-13 13:28:06:241"
"4748","Szklany młynek","zaimportowany z excela 2022-10-13 13:28:06:241"
"4770","Lejek z rączką","zaimportowany z excela 2022-10-13 13:28:06:241"
"4655","Miska z cedzakiem","zaimportowany z excela 2022-10-13 13:28:06:241"
"367795","Półmisek do rozmrażania","zaimportowany z excela 2022-10-13 13:28:06:241"
"4768","Zestaw podstawek pod łyżki","zaimportowany z excela 2022-10-13 13:28:06:241"
"368500","Łyżka cedzakowa","zaimportowany z excela 2022-10-13 13:28:06:241"
"368057","Cedzak nakładany na garnek","zaimportowany z excela 2022-10-13 13:28:06:241"
"4776","Zestaw 4 pojemników ","zaimportowany z excela 2022-10-13 13:28:06:241"
"4321","Silikonowe osłonki na naczynia","zaimportowany z excela 2022-10-13 13:28:06:241"
"4467","Pojemnik na cytrynę","zaimportowany z excela 2022-10-13 13:28:06:241"
"4760","Pojemnik z widelcem ","zaimportowany z excela 2022-10-13 13:28:06:241"
"4393","Pojemnik do przechowywania cebula","zaimportowany z excela 2022-10-13 13:28:06:241"
"4391","Pojemnik do przechowywania pomidor","zaimportowany z excela 2022-10-13 13:28:06:241"
"4761","Łyżeczka-samolot","zaimportowany z excela 2022-10-13 13:28:06:241"
"4553","Pojemniki do przechowywania żywności Świnka","zaimportowany z excela 2022-10-13 13:28:06:241"
"4554","Pojemniki do przechowywania żywności Krówka","zaimportowany z excela 2022-10-13 13:28:06:241"
"4762","Pojemnik na przekąski z miejscem na dip","zaimportowany z excela 2022-10-13 13:28:06:241"
"4429","Pojemniki „Makaronik” duży","zaimportowany z excela 2022-10-13 13:28:06:241"
"4430","Pojemnik „Makaronik” średni","zaimportowany z excela 2022-10-13 13:28:06:241"
"4428","Pojemnik „Makaronik” mały","zaimportowany z excela 2022-10-13 13:28:06:241"
"4578","Karafka „Marmurek” 1litr","zaimportowany z excela 2022-10-13 13:28:06:241"
"4579","Szklany pojemnik „Marmurek” 425ml","zaimportowany z excela 2022-10-13 13:28:06:241"
"4580","Szklany pojemnik „Marmurek” 660ml","zaimportowany z excela 2022-10-13 13:28:06:241"
"4581","Szklany pojemnik „Marmurek” 1000ml","zaimportowany z excela 2022-10-13 13:28:06:241"
"4597","Szklany dozownik Marmurek","zaimportowany z excela 2022-10-13 13:28:06:241"
"4596","Termos Marmurek","zaimportowany z excela 2022-10-13 13:28:06:241"
"4766","Zaparzaczka „Serce”","zaimportowany z excela 2022-10-13 13:28:06:241"
"4754","Łyżka-miarka z klipsem","zaimportowany z excela 2022-10-13 13:28:06:241"
"42791","Grzybek do otwierania słoików","zaimportowany z excela 2022-10-13 13:28:06:241"
"4771","Zatyczka do wina Serce ","zaimportowany z excela 2022-10-13 13:28:06:241"
"4772","Zatyczka – dozownik do butelek ","zaimportowany z excela 2022-10-13 13:28:06:241"
"4737","Wielofunkcyjny otwieracz","zaimportowany z excela 2022-10-13 13:28:06:241"
"8566","Klips do stołu na szklanki","zaimportowany z excela 2022-10-13 13:28:06:241"
"58461","Aktywna piana do czyszczenia lodówek","zaimportowany z excela 2022-10-13 13:28:06:241"
"8473","Żelowy pochłaniacz zapachów do lodówki","zaimportowany z excela 2022-10-13 13:28:06:241"
"81751","Antypleśniowa mata do lodówki","zaimportowany z excela 2022-10-13 13:28:06:241"
"4778","Foremka na kostki lodu","zaimportowany z excela 2022-10-13 13:28:06:241"
"4348","Rozsuwana półeczka do lodówki","zaimportowany z excela 2022-10-13 13:28:06:241"
"4780","Silikonowe zaciski do torebek","zaimportowany z excela 2022-10-13 13:28:06:241"
"8351","Organizer z przegródkami szary","zaimportowany z excela 2022-10-13 13:28:06:241"
"8352","Organizer z przegródkami beżowy","zaimportowany z excela 2022-10-13 13:28:06:241"
"4775","Zestaw 4 torebek strunowych","zaimportowany z excela 2022-10-13 13:28:06:241"
"4744","Klips M","zaimportowany z excela 2022-10-13 13:28:06:241"
"4745","Klips L","zaimportowany z excela 2022-10-13 13:28:06:241"
"4645","Woreczek do gotowania ziemniaków w mikrofalówce","zaimportowany z excela 2022-10-13 13:28:06:241"
"4479","Kubek z pokrywką do mikrofalówki","zaimportowany z excela 2022-10-13 13:28:06:241"
"4751","Wielofunkcyjna podstawka do mikrofalówki  ","zaimportowany z excela 2022-10-13 13:28:06:241"
"58462","Aktywna piana do czyszczenia mikrofalówek","zaimportowany z excela 2022-10-13 13:28:06:241"
"367815","Płyn do czyszczenia powierzchni kuchennych o zapachu mango","zaimportowany z excela 2022-10-13 13:28:06:241"
"777853","Płyn do powierzchni kuchennych mango + płyn do mikrofalówek","zaimportowany z excela 2022-10-13 13:28:06:241"
"8585","Etui z podajnikiem do worków na śmieci","zaimportowany z excela 2022-10-13 13:28:06:241"
"8523","Klamry do kosza na śmieci","zaimportowany z excela 2022-10-13 13:28:06:241"
"8477","Minizmiotka z szufelką","zaimportowany z excela 2022-10-13 13:28:06:241"
"8584","Wazon samoprzylepny  ","zaimportowany z excela 2022-10-13 13:28:06:241"
"8521","Pułapka na owady Domek","zaimportowany z excela 2022-10-13 13:28:06:241"
"8397","Miniorganizer","zaimportowany z excela 2022-10-13 13:28:06:241"
"4693","Antypoślizgowa mata ochronna do szuflad i półek","zaimportowany z excela 2022-10-13 13:28:06:241"
"4605","Organizer na sztućce","zaimportowany z excela 2022-10-13 13:28:06:241"
"4537","Ochronna podkładka do kuchenki gazowej","zaimportowany z excela 2022-10-13 13:28:06:241"
"4781","Samoprzylepna tapeta aluminiowa","zaimportowany z excela 2022-10-13 13:28:06:241"
"4519","Uchwyt na przybory kuchenne","zaimportowany z excela 2022-10-13 13:28:06:241"
"4607","Ściereczka kuchenna – wzór kwiatowy","zaimportowany z excela 2022-10-13 13:28:06:241"
"2010","Pachnące mydło w płynie Fruit","zaimportowany z excela 2022-10-13 13:28:06:241"
"2009","Pachnące mydło w płynie fresh","zaimportowany z excela 2022-10-13 13:28:06:241"
"2008","Pachnące mydło w płynie flower","zaimportowany z excela 2022-10-13 13:28:06:241"
"4517","Pojemnik na płyn do mycia naczyń z gąbką","zaimportowany z excela 2022-10-13 13:28:06:241"
"2025","Zmywaki do szorowania nasączone mydłem","zaimportowany z excela 2022-10-13 13:28:06:241"
"4773","Zestaw 4 zmywaczków","zaimportowany z excela 2022-10-13 13:28:06:241"
"2052","Płyn do mycia naczyń","zaimportowany z excela 2022-10-13 13:28:06:241"
"4397","Gąbka karborundowa","zaimportowany z excela 2022-10-13 13:28:06:241"
"1015","Szczotka do butelek z miniszczoteczką","zaimportowany z excela 2022-10-13 13:28:06:241"
"2060","Płyn do mycia naczyń","zaimportowany z excela 2022-10-13 13:28:06:241"
"4345","Silikonowy zmywak do naczyń","zaimportowany z excela 2022-10-13 13:28:06:241"
"2054","Preparat do czyszczenia piekarnika, grilla i kominka","zaimportowany z excela 2022-10-13 13:28:06:241"
"367880","Mleczko czyszczące do stali nierdzewnej i chromowanej","zaimportowany z excela 2022-10-13 13:28:06:241"
"367711","Mleczko do czyszczenia i impregnacji ceramicznych płyt kuchennych","zaimportowany z excela 2022-10-13 13:28:06:241"
"8437","Szczotka do framug","zaimportowany z excela 2022-10-13 13:28:06:241"
"367207","Zielona pasta uniwersalna ECO GREEN","zaimportowany z excela 2022-10-13 13:28:06:241"
"2061","Mleczko do czyszczenia Ecogreen","zaimportowany z excela 2022-10-13 13:28:06:241"
"367408","Bezpyłowe ściereczki uniwersalne - zielone","zaimportowany z excela 2022-10-13 13:28:06:241"
"62012","Płyn do czyszczenia powierzchni kuchennych o zapachu kiwi","zaimportowany z excela 2022-10-13 13:28:06:241"
"2020","Odkamieniacz bio do urządzeń gospodarstwa domowego","zaimportowany z excela 2022-10-13 13:28:06:241"
"4646","Kulka przeciw kamieniowi do czajników tradycyjnych i elektrycznych ","zaimportowany z excela 2022-10-13 13:28:06:241"
"8179","Ściereczka do mycia","zaimportowany z excela 2022-10-13 13:28:06:241"
"367129","Płyn do czyszczenia zmywarki","zaimportowany z excela 2022-10-13 13:28:06:241"
"2058","Nabłyszczacz do zmywarek","zaimportowany z excela 2022-10-13 13:28:06:241"
"368040","Odświeżacz do zmywarki - cytryna","zaimportowany z excela 2022-10-13 13:28:06:241"
"368042","Odświeżacz do zmywarki - zielone jabłuszko","zaimportowany z excela 2022-10-13 13:28:06:241"
"8331","Kulka przeciw kamieniowi do pralki i zmywarki","zaimportowany z excela 2022-10-13 13:28:06:241"
"2036","Koncentrat Premium z nanotechnologią do czyszczenia podłóg","zaimportowany z excela 2022-10-13 13:28:06:241"
"2038","Preparat Premium z nanotechnologią do czyszczenia łazienek","zaimportowany z excela 2022-10-13 13:28:06:241"
"2041","Preparat Premium z nanotechnologią do czyszczenia powierzchni kuchennych","zaimportowany z excela 2022-10-13 13:28:06:241"
"2042","Preparat Premium z nanotechnologią do mycia szyb, luster i powierzchni szklanych","zaimportowany z excela 2022-10-13 13:28:06:241"
"2037","Preparat Premium z nanotechnologią do czyszczenia mebli","zaimportowany z excela 2022-10-13 13:28:06:241"
"367410","Duże bezpyłowe ściereczki uniwersalne na rolce","zaimportowany z excela 2022-10-13 13:28:06:241"
"59338","Szczoteczka do czyszczenia obrzeża muszli","zaimportowany z excela 2022-10-13 13:28:06:241"
"368632","Soda kaustyczna","zaimportowany z excela 2022-10-13 13:28:06:241"
"2027","Żel do udrażniania rur","zaimportowany z excela 2022-10-13 13:28:06:241"
"368607","Przepychacz do zlewu","zaimportowany z excela 2022-10-13 13:28:06:241"
"8535","Szczoteczka do precyzyjnego czyszczenia","zaimportowany z excela 2022-10-13 13:28:06:241"
"2053","Ściereczki uniwersalne nasączone octem jabłkowym","zaimportowany z excela 2022-10-13 13:28:06:241"
"2040","Żel do czyszczenia toalety Home Expert","zaimportowany z excela 2022-10-13 13:28:06:241"
"2034","Płyn do czyszczenia kuchni Home Expert","zaimportowany z excela 2022-10-13 13:28:06:241"
"2087","Superkoncentrat","zaimportowany z excela 2022-10-13 13:28:06:241"
"1021","Butelka ze sprayem do rozcieńczania koncentratu","zaimportowany z excela 2022-10-13 13:28:06:241"
"2051","Preparat do czyszczenia dywanów, wykładzin i tapicerki","zaimportowany z excela 2022-10-13 13:28:06:241"
"366469","Pianka do czyszczenia dywanów i tapicerki","zaimportowany z excela 2022-10-13 13:28:06:241"
"367941","Szczotka uniwersalna","zaimportowany z excela 2022-10-13 13:28:06:241"
"8342","Szczotka Słonik","zaimportowany z excela 2022-10-13 13:28:06:241"
"8551","Szczotka gumowa 3 w 1","zaimportowany z excela 2022-10-13 13:28:06:241"
"2016","Płyn uniwersalny do mycia","zaimportowany z excela 2022-10-13 13:28:06:241"
"2015","Płyn do paneli i podłóg drewnianych","zaimportowany z excela 2022-10-13 13:28:06:241"
"8544","Froterki","zaimportowany z excela 2022-10-13 13:28:06:241"
"367736","Elastyczna szczotka do grzejników i zakamarków","zaimportowany z excela 2022-10-13 13:28:06:241"
"8466","Nawilżacz na kaloryfer","zaimportowany z excela 2022-10-13 13:28:06:241"
"8333","Teleskopowa miotełka do kurzu","zaimportowany z excela 2022-10-13 13:28:06:241"
"1010","Zestaw ściereczek z mikrofibry","zaimportowany z excela 2022-10-13 13:28:06:241"
"367033","Pianka premium do czyszczenia przypaleń","zaimportowany z excela 2022-10-13 13:28:06:241"
"367032","Płyn premium do mycia naczyń 1L","zaimportowany z excela 2022-10-13 13:28:06:241"
"366962","Koncentrat premium z nanotechnologią do czyszczenia podłóg","zaimportowany z excela 2022-10-13 13:28:06:241"
"366964","Koncentrat premium z nanotechnologią do czyszczenia paneli podłogowych","zaimportowany z excela 2022-10-13 13:28:06:241"
"366959","Preparat premium z nanotechnologią do czyszczenia piekarników, grilla i kominków","zaimportowany z excela 2022-10-13 13:28:06:241"
"366961","Preparat premium z nanotechnologią do czyszczenia szkła","zaimportowany z excela 2022-10-13 13:28:06:241"
"366958","Preparat premium z nanotechnologią do czyszczenia łazienek","zaimportowany z excela 2022-10-13 13:28:06:241"
"366960","Preparat premium z nanotechnologią do czyszczenia mebli","zaimportowany z excela 2022-10-13 13:28:06:241"
"2077","Preparat do usuwania naklejek","zaimportowany z excela 2022-10-13 13:28:06:241"
"366574","Gąbki z melaminy","zaimportowany z excela 2022-10-13 13:28:06:241"
"367907","Szczotka do pajęczyn","zaimportowany z excela 2022-10-13 13:28:06:241"
"367665","Kij teleskopowy","zaimportowany z excela 2022-10-13 13:28:06:241"
"14193","Pianka do mycia szyb i innych powierzchni","zaimportowany z excela 2022-10-13 13:28:06:241"
"8501","Ściągaczka do szyb","zaimportowany z excela 2022-10-13 13:28:06:241"
"57488","Grejpfrutowy płyn do mycia szyb","zaimportowany z excela 2022-10-13 13:28:06:241"
"8515","Patyczki kosmetyczne","zaimportowany z excela 2022-10-13 13:28:06:241"
"8569","Okrągły pojemnik na waciki","zaimportowany z excela 2022-10-13 13:28:06:241"
"8568","Podwójny okrągły pojemnik kosmetyczny","zaimportowany z excela 2022-10-13 13:28:06:241"
"8581","Minizraszacz z pompką","zaimportowany z excela 2022-10-13 13:28:06:241"
"2078","Preparat do czyszczenia złota, srebra i miedzi","zaimportowany z excela 2022-10-13 13:28:06:241"
"8453","Neoprenowy pasek do okularów","zaimportowany z excela 2022-10-13 13:28:06:241"
"8582","Mocna taśma dwustronna  ","zaimportowany z excela 2022-10-13 13:28:06:241"
"83901","Samoprzylepna tablica memo z kredami","zaimportowany z excela 2022-10-13 13:28:06:241"
"8433","Podwójny haczyk samoprzylepny","zaimportowany z excela 2022-10-13 13:28:06:241"
"8586","Taśma ozdobna   ","zaimportowany z excela 2022-10-13 13:28:06:241"
"8587","Samoprzylepna taśma dekoracyjna 3D   ","zaimportowany z excela 2022-10-13 13:28:06:241"
"2073","Impregnat w sprayu 2 w 1","zaimportowany z excela 2022-10-13 13:28:06:241"
"2017","Pasta do butów brązowa","zaimportowany z excela 2022-10-13 13:28:06:241"
"2018","Pasta do butów czarna","zaimportowany z excela 2022-10-13 13:28:06:241"
"366215","Dezodorant do obuwia z nanotechnologią","zaimportowany z excela 2022-10-13 13:28:06:241"
"368078","Gąbka do czyszczenia obuwia sportowego","zaimportowany z excela 2022-10-13 13:28:06:241"
"368363","Odświeżacz do szaf ""Świeżość""","zaimportowany z excela 2022-10-13 13:28:06:241"
"368362","Odświeżacz do szaf ""Grejpfrut""","zaimportowany z excela 2022-10-13 13:28:06:241"
"8396","Łyżka do butów","zaimportowany z excela 2022-10-13 13:28:06:241"
"8448","Szczotka z rolką do ubrań i galanterii","zaimportowany z excela 2022-10-13 13:28:06:241"
"8435","Folia stretch mini z rączką","zaimportowany z excela 2022-10-13 13:28:06:241"
"8527","Organizer Ślimak","zaimportowany z excela 2022-10-13 13:28:06:241"
"8507","Rękawiczki do demakijażu","zaimportowany z excela 2022-10-13 13:28:06:241"
"8545","Lusterko kosmetyczne","zaimportowany z excela 2022-10-13 13:28:06:241"
"2083","Tabletki do czyszczenia pralek","zaimportowany z excela 2022-10-13 13:28:06:241"
"2080","Chusteczki zapobiegające zafarbowaniu prania","zaimportowany z excela 2022-10-13 13:28:06:241"
"8424","Kule do pralki i suszarki","zaimportowany z excela 2022-10-13 13:28:06:241"
"8189","Podkładki antywibracyjne","zaimportowany z excela 2022-10-13 13:28:06:241"
"8290","Worek do prania ubrań","zaimportowany z excela 2022-10-13 13:28:06:241"
"8289","Worek do prania ubrań","zaimportowany z excela 2022-10-13 13:28:06:241"
"8296","Samonawlekające się igły","zaimportowany z excela 2022-10-13 13:28:06:241"
"8148","Gumki naciągające z klipsami","zaimportowany z excela 2022-10-13 13:28:06:241"
"2066","Specjalistyczny preparat do czyszczenia przypalonych żelazek","zaimportowany z excela 2022-10-13 13:28:06:241"
"2067","Woda perfumowana do żelazek","zaimportowany z excela 2022-10-13 13:28:06:241"
"8510","Metki – wprasowanki z długopisem","zaimportowany z excela 2022-10-13 13:28:06:241"
"8313","Siatka do prasowania","zaimportowany z excela 2022-10-13 13:28:06:241"
"8068","Mini ściągaczka do lusterek","zaimportowany z excela 2022-10-13 13:28:06:241"
"8465","Mini skrobaczka zimowa","zaimportowany z excela 2022-10-13 13:28:06:241"
"368361","Uniwersalny odmrażacz samochodowy","zaimportowany z excela 2022-10-13 13:28:06:241"
"2065","Spray do czyszczenia i konserwacji kokpitu nabłyszczający","zaimportowany z excela 2022-10-13 13:28:06:241"
"2064","Spray do czyszczenia i konserwacji kokpitu  matowy","zaimportowany z excela 2022-10-13 13:28:06:241"
"8512","Kompleks wapniowo-kolagenowy Happy Cat - dodatek do karmy dla kotów","zaimportowany z excela 2022-10-13 13:28:06:241"
"8513","Kompleks z pokrzywą Happy Dog - dodatek do karmy dla psów","zaimportowany z excela 2022-10-13 13:28:06:241"
"8514","Kompleks wapniowo-kolagenowy Happy Dog - dodatek do karmy dla psów","zaimportowany z excela 2022-10-13 13:28:06:241"
"8511","Kompleks z pokrzywą Happy Cat - dodatek do karmy dla kotów","zaimportowany z excela 2022-10-13 13:28:06:241"
"2059","Szampon dla psów","zaimportowany z excela 2022-10-13 13:28:06:241"
"8415","Podkładka gumowa pod miskę","zaimportowany z excela 2022-10-13 13:28:06:241"
"8411","Podwójna miska dla zwierząt","zaimportowany z excela 2022-10-13 13:28:06:241"
"5177","Czekolada deserowa do picia Marcepan","zaimportowany z excela 2022-10-13 13:28:06:241"
"5173","Czekolada deserowa do picia Wiśnie w rumie","zaimportowany z excela 2022-10-13 13:28:06:241"
"366001","Szczoteczka do zębów ortodent gold z nanocząsteczkami złota - pomarańczowa","zaimportowany z excela 2022-10-13 13:28:06:241"
"366002","Szczoteczka do zębów ortodent gold z nanocząsteczkami złota - różowa","zaimportowany z excela 2022-10-13 13:28:06:241"
"366003","Szczoteczka do zębów ortodent gold z nanocząsteczkami złota - zielona","zaimportowany z excela 2022-10-13 13:28:06:241"
"366004","Szczoteczka do zębów ortodent gold z nanocząsteczkami złota - niebieska","zaimportowany z excela 2022-10-13 13:28:06:241"
"367428","Płyn do płukania ust Silver Action 500 ml","zaimportowany z excela 2022-10-13 13:28:06:241"
"5028","Woda perfumowana La Rosita","zaimportowany z excela 2022-10-13 13:28:06:241"
"5064","Woda perfumowana Madame Panthere","zaimportowany z excela 2022-10-13 13:28:06:241"
"5027","Woda perfumowana Caramella","zaimportowany z excela 2022-10-13 13:28:06:241"
"5050","Woda perfumowana Lady Gold 33ml","zaimportowany z excela 2022-10-13 13:28:06:241"
"5069","Mydełko z błotem i solą z Morza Martwego","zaimportowany z excela 2022-10-13 13:28:06:241"
"5163","Regenerujący balsam do stóp Heel Balm","zaimportowany z excela 2022-10-13 13:28:06:241"
"5009","Krem do rąk Happy hands","zaimportowany z excela 2022-10-13 13:28:06:241"
"500019","Odżywczy żel pod prysznic i do kąpieli - Bath&Shower Nourishing Gel","zaimportowany z excela 2022-10-13 13:28:06:241"
"500020","Orzeźwiający żel pod prysznic i do kąpieli - Bath&Shower Refreshing Gel","zaimportowany z excela 2022-10-13 13:28:06:241"
"500024","Balsam do higieny intymnej Perfect Care - Intim Balm","zaimportowany z excela 2022-10-13 13:28:06:241"
"7166","Orzeźwiający żel pod prysznic i do kąpieli + Balsam do higieny intymnej Perfect Care","zaimportowany z excela 2022-10-13 13:28:06:241"
"500012","Szampon do włosów suchych i zniszczonych","zaimportowany z excela 2022-10-13 13:28:06:241"
"500016","Odżywka do włosów suchych i zniszczonych","zaimportowany z excela 2022-10-13 13:28:06:241"
"500011","Szampon do włosów farbowanych","zaimportowany z excela 2022-10-13 13:28:06:241"
"500015","Odżywka do włosów farbowanych","zaimportowany z excela 2022-10-13 13:28:06:241"
"500014","Szampon wzmacniający włosy z ekstraktem z korzenia tataraku Shampoo – Strenghtening","zaimportowany z excela 2022-10-13 13:28:06:241"
"500018","Odżywka wzmacniający włosy z ekstraktem z korzenia tataraku - Conditioner – Strenghtening","zaimportowany z excela 2022-10-13 13:28:06:241"
"500013","Szampon zwiększający objętość włosów z ekstraktem z arniki - Shampoo – Volume Boost","zaimportowany z excela 2022-10-13 13:28:06:241"
"777918","Zestaw „Piękne włosy”","zaimportowany z excela 2022-10-13 13:28:06:241"
"5008","Hydroclinic - krem do twarzy na dzień i na noc","zaimportowany z excela 2022-10-13 13:28:06:241"
"5005","Hydroclinic płyn micelarny","zaimportowany z excela 2022-10-13 13:28:06:241"
"5026","Hydroclinic tonik do twarzy","zaimportowany z excela 2022-10-13 13:28:06:241"
"5025","Pomadka Care Balm","zaimportowany z excela 2022-10-13 13:28:06:241"
"7058","Zestaw Hydroclinic","zaimportowany z excela 2022-10-13 13:28:06:241"
"5183","Maskara pogrubiająca i wydłużająca Happy Lashes","zaimportowany z excela 2022-10-13 13:28:06:241"
"5073","Zalotka","zaimportowany z excela 2022-10-13 13:28:06:241"
"5019","Skoncentrowane serum do twarzy i pod oczy Collagen Booster","zaimportowany z excela 2022-10-13 13:28:06:241"
"5018","Krem naprawczy do twarzy i pod oczy Collagen Booster","zaimportowany z excela 2022-10-13 13:28:06:241"
"500034","Eliksir piękna - Retinol - Retinol Encapsulated","zaimportowany z excela 2022-10-13 13:28:06:241"
"500035","Eliksir piękna - Collagen - Collagen peptides 100%","zaimportowany z excela 2022-10-13 13:28:06:241"
"500036","Eliksir piękna – Coenzyme Q10","zaimportowany z excela 2022-10-13 13:28:06:241"
"777922","Zestaw ""Eliksir piękna""","zaimportowany z excela 2022-10-13 13:28:06:241"
"5052","Odżywka do włosów Argan Queen 200ml","zaimportowany z excela 2022-10-13 13:28:06:241"
"5051","Szampon do włosów Argan Queen 200ml","zaimportowany z excela 2022-10-13 13:28:06:241"
"5046","Balsam w żelu do ciała i włosów Argan Queen 200ml","zaimportowany z excela 2022-10-13 13:28:06:241"
"5047","Żel pod prysznic Argan Queen 200ml","zaimportowany z excela 2022-10-13 13:28:06:241"
"7167","Żel pod prysznic + Szampon do włosów Argan Queen 200ml","zaimportowany z excela 2022-10-13 13:28:06:241"
"5070","Głęboko regenerująca maseczka ES5ENCE na płacie","zaimportowany z excela 2022-10-13 13:28:06:241"
"5055","Krem na dzień ES5ENCE","zaimportowany z excela 2022-10-13 13:28:06:241"
"5056","Krem na noc ES5ENCE","zaimportowany z excela 2022-10-13 13:28:06:241"
"5058","Serum do twarzy i dekoltu","zaimportowany z excela 2022-10-13 13:28:06:241"
"5068","Żel do mycia twarzy i demakijażu ES5ENCE","zaimportowany z excela 2022-10-13 13:28:06:241"
"5057","Krem pod oczy ES5ENCE","zaimportowany z excela 2022-10-13 13:28:06:241"
"7168","Krem na dzień + Krem na noc  ES5ENCE","zaimportowany z excela 2022-10-13 13:28:06:241"
"1122PL","Katalog Betterstyle Listopad 2022 1 sztuka","zaimportowany z excela 2022-10-13 13:28:06:241"
"PL1065","Katalog Betterstyle (10 szt.) Listopad 2022","zaimportowany z excela 2022-10-13 13:28:06:241"
"1222PL","Katalog Betterstyle Grudzień 2022 1 sztuka","zaimportowany z excela 2022-10-13 13:28:06:241"
"PL1073","Katalog Betterstyle (10 szt.) Grudzień 2022","zaimportowany z excela 2022-10-13 13:28:06:241"
"PL1076","Katalog Betterstyle (120 szt.) Grudzień 2022","zaimportowany z excela 2022-10-13 13:28:06:241"
"ML107","Woda perfumowana Caramella","zaimportowany z excela 2022-10-13 13:28:06:241"
"500064","Perfumetka Spartan 10 ml","zaimportowany z excela 2022-10-13 13:28:06:241"
"500060","Perfumetka Victory 10 ml","zaimportowany z excela 2022-10-13 13:28:06:241"
"500058","Perfumetka Lato w Toskanii 10 ml","zaimportowany z excela 2022-10-13 13:28:06:241"
"5032","Perfumetka La Rosita 10 ml","zaimportowany z excela 2022-10-13 13:28:06:241"
"5031","Perfumetka Caramella 10 ml","zaimportowany z excela 2022-10-13 13:28:06:241"
"5012","Perfumetka Lato w Andaluzji 10 ml","zaimportowany z excela 2022-10-13 13:28:06:241"
"500059","Perfumetka Lato w Prowansji 10 ml","zaimportowany z excela 2022-10-13 13:28:06:241"
"ML003","Torebka prezentowa Blue Nature (1 szt.)","zaimportowany z excela 2022-10-13 13:28:06:241"
"ML015","Próbka perfum Victory 1ml","zaimportowany z excela 2022-10-13 13:28:06:241"
"ML033","Próbka kremu do twarzy i pod oczy Collagen Booster, 1,5 ml – 1 szt.","zaimportowany z excela 2022-10-13 13:28:06:241"
"ML036",,"zaimportowany z excela 2022-10-13 13:28:06:241"
"ML037",,"zaimportowany z excela 2022-10-13 13:28:06:241"
"ML040","Pojemniczek na próbki kosmetyków","zaimportowany z excela 2022-10-13 13:28:06:241"
"ML038","Balsam do ciała Senso – migdałowy – próbka 2 ml – 1 szt.","zaimportowany z excela 2022-10-13 13:28:06:241"
"ML039","Balsam do ciała Senso – awokado - próbka 2 ml – 1 szt.","zaimportowany z excela 2022-10-13 13:28:06:241"
"ML058","Notes BetterStyle (50 str.) ","zaimportowany z excela 2022-10-13 13:28:06:241"
"ML056","Długopis BetterStyle 1 szt.","zaimportowany z excela 2022-10-13 13:28:06:241"
"ML057","Długopis BetterStyle 5 szt.","zaimportowany z excela 2022-10-13 13:28:06:241"
"ML059","Notes w twardej oprawie BetterStyle","zaimportowany z excela 2022-10-13 13:28:06:241"
"ML060","Kubek BetterStyle","zaimportowany z excela 2022-10-13 13:28:06:241"
"ML061","Czapka z daszkiem BetterStyle","zaimportowany z excela 2022-10-13 13:28:06:241"
"ML062","Ręcznik BetterStyle","zaimportowany z excela 2022-10-13 13:28:06:241"
"ML063","Notes z karteczkami samoprzylepnymi","zaimportowany z excela 2022-10-13 13:28:06:241"
"ML064","Obrus firmowy BetterStyle","zaimportowany z excela 2022-10-13 13:28:06:241"
"ML065","Kalendarz ścienny 2022","zaimportowany z excela 2022-10-13 13:28:06:241"
"ML066","Termos BetterStyle","zaimportowany z excela 2022-10-13 13:28:06:241"
"ML067","Kubek składany","zaimportowany z excela 2022-10-13 13:28:06:241"
"ML068","Notes z magnesem","zaimportowany z excela 2022-10-13 13:28:06:241"
"ML069","Zawieszka do bagażu","zaimportowany z excela 2022-10-13 13:28:06:241"
"ML070","Koszulka polo damska z logo BetterStyle (S)","zaimportowany z excela 2022-10-13 13:28:06:241"
"ML071","Koszulka polo damska z logo BetterStyle (M)","zaimportowany z excela 2022-10-13 13:28:06:241"
"ML072","Koszulka polo damska z logo BetterStyle (L)","zaimportowany z excela 2022-10-13 13:28:06:241"
"ML073","T-shirt v-neck damski z logo BetterStyle (S)","zaimportowany z excela 2022-10-13 13:28:06:241"
"ML074","T-shirt v-neck damski z logo BetterStyle (M)","zaimportowany z excela 2022-10-13 13:28:06:241"
"ML075","T-shirt v-neck damski z logo BetterStyle (L)","zaimportowany z excela 2022-10-13 13:28:06:241"
"ML076","T-shirt v-neck damski z logo BetterStyle (XL)","zaimportowany z excela 2022-10-13 13:28:06:241"
"ML077","Torba bawełniana BetterStyle","zaimportowany z excela 2022-10-13 13:28:06:241"
"PL079B","Ulotka Łatwy Start (10 szt.)","zaimportowany z excela 2022-10-13 13:28:06:241"
"PL169","Ulotka Eliksyry Piękna (10 szt.)","zaimportowany z excela 2022-10-13 13:28:06:241"
"PL188","Ulotka Silver Action (10 szt.)","zaimportowany z excela 2022-10-13 13:28:06:241"
"PL218","Ulotka Hydroclinic (10 szt.)","zaimportowany z excela 2022-10-13 13:28:06:241"
"PL225","Ulotka Collagen Booster (5 szt.)","zaimportowany z excela 2022-10-13 13:28:06:241"
"PL1001","Ulotka Senso odżwycze (5 szt.)","zaimportowany z excela 2022-10-13 13:28:06:241"
"PL1002","Ulotka Senso łagodzące (5szt.)","zaimportowany z excela 2022-10-13 13:28:06:241"
"PL1003","Ulotka Argan Queen (5 szt.)","zaimportowany z excela 2022-10-13 13:28:06:241"
"PL1006","Ulotka Hydroclinic (5 szt.)","zaimportowany z excela 2022-10-13 13:28:06:241"
"PL1039","Ulotka ES5ENCE (5 szt.)","zaimportowany z excela 2022-10-13 13:28:06:241"
"PL5077","Ulotka Pure Egg Membrane (5 szt.)","zaimportowany z excela 2022-10-13 13:28:06:241"
"0928","Starter profesjonalny","zaimportowany z excela 2022-10-13 13:28:06:241"
"PL904","Dodatkowa opłata wysyłkowa","zaimportowany z excela 2022-10-13 13:28:06:241"
"PL080","Plan Marketingowy","zaimportowany z excela 2022-10-13 13:28:06:241"
"ML079","Koszulka polo męska z logo BetterStyle (L)","zaimportowany z excela 2022-10-13 13:28:06:241"
"ML083","Firmowa kartka świąteczna BetterStyle","zaimportowany z excela 2022-10-13 13:28:06:241"
"ML084","Kalendarz BetterStyle 2023","zaimportowany z excela 2022-10-13 13:28:06:241"
"ML004","Torebka prezentowa","zaimportowany z excela 2022-10-13 13:28:06:241"
"ML006","Torebka prezentowa","zaimportowany z excela 2022-10-13 13:28:06:241"
"ML008","Torebka prezentowa","zaimportowany z excela 2022-10-13 13:28:06:241"
"8398","Ceramiczny kominek zapachowy","zaimportowany z excela 2022-10-13 13:28:06:241"
"9142","Świąteczne puszki Mikołaj","zaimportowany z excela 2022-10-13 13:28:06:241"
"9143","Świąteczne puszki Bałwanek","zaimportowany z excela 2022-10-13 13:28:06:241"
"9083","Kryształowe śnieżynki","zaimportowany z excela 2022-10-13 13:28:06:241"
"9099","Śnieżynki fluorescencyjne","zaimportowany z excela 2022-10-13 13:28:06:241"
"9090","Naklejki śnieżynki białe","zaimportowany z excela 2022-10-13 13:28:06:241"
"9089","Fluorescencyjne naklejki „Śnieżynki”","zaimportowany z excela 2022-10-13 13:28:06:241"
"9067","Śnieżynki fluorescencyjne białe","zaimportowany z excela 2022-10-13 13:28:06:241"
"9132","Naklejki 3D","zaimportowany z excela 2022-10-13 13:28:06:241"
"9133","Duże naklejki 3D","zaimportowany z excela 2022-10-13 13:28:06:241"
"9082","Dekoracja ścienna 3D „Mikołaj z saniami”","zaimportowany z excela 2022-10-13 13:28:06:241"
"9925","Naklejki 3D - Bałwanek","zaimportowany z excela 2022-10-13 13:28:06:241"
"9924","Naklejki 3D – Choinka","zaimportowany z excela 2022-10-13 13:28:06:241"
"9100","Girlanda świąteczna LED","zaimportowany z excela 2022-10-13 13:28:06:241"
"9101","Girlanda „Sople lodu”","zaimportowany z excela 2022-10-13 13:28:06:241"
"9055","Świąteczna zawieszka ""But św. Mikołaja""","zaimportowany z excela 2022-10-13 13:28:06:241"
"9922","Naklejki świąteczne","zaimportowany z excela 2022-10-13 13:28:06:241"
"9923","Naklejki Bałwanki","zaimportowany z excela 2022-10-13 13:28:06:241"
"9936","Świąteczna ozdoba na krzesło","zaimportowany z excela 2022-10-13 13:28:06:241"
"9122","Naklejki na paznokcie","zaimportowany z excela 2022-10-13 13:28:06:241"
"9931","Talerz świąteczny","zaimportowany z excela 2022-10-13 13:28:06:241"
"9928","Talerz bożonarodzeniowy","zaimportowany z excela 2022-10-13 13:28:06:241"
"9919","Dekoracja etui na sztućce","zaimportowany z excela 2022-10-13 13:28:06:241"
"9929","Świąteczny talerz do jaj","zaimportowany z excela 2022-10-13 13:28:06:241"
"9135","Papeteria świąteczna","zaimportowany z excela 2022-10-13 13:28:06:241"
"9933","Magnesy na lodówkę „Bałwanki i mikołajki”","zaimportowany z excela 2022-10-13 13:28:06:241"
"9125","Świąteczna forma silikonowa","zaimportowany z excela 2022-10-13 13:28:06:241"
"9926","Foremki do pierniczków 3D","zaimportowany z excela 2022-10-13 13:28:06:241"
"9147","Foremki do ciasteczek - Choinki","zaimportowany z excela 2022-10-13 13:28:06:241"
"9927","Foremki - domek bożonarodzeniowy","zaimportowany z excela 2022-10-13 13:28:06:241"
"4552","Forma do tarty z wyjmowanym dnem","zaimportowany z excela 2022-10-13 13:28:06:241"
"46162","Taca prostokątna czarna kaktusy doniczka biało/złota","zaimportowany z excela 2022-10-13 13:28:06:241"
"46167","Taca z kaktusami biała","zaimportowany z excela 2022-10-13 13:28:06:241"
"4146","Maselniczka","zaimportowany z excela 2022-10-13 13:28:06:241"
"4385","Szablony do dekoracji","zaimportowany z excela 2022-10-13 13:28:06:241"
"4784","Krajalnica do jajek  ","zaimportowany z excela 2022-10-13 13:28:06:241"
"4656","Silikonowa foremka do gotowania jajek","zaimportowany z excela 2022-10-13 13:28:06:241"
"4134","Perfekcyjny timer do jajek","zaimportowany z excela 2022-10-13 13:28:06:241"
"4786","Praska do czosnku","zaimportowany z excela 2022-10-13 13:28:06:241"
"4275","Pojemnik na czosnek","zaimportowany z excela 2022-10-13 13:28:06:241"
"4189","Obieraczka do czosnku","zaimportowany z excela 2022-10-13 13:28:06:241"
"4608","Elastyczne maty do krojenia","zaimportowany z excela 2022-10-13 13:28:06:241"
"4783","Obieraczka 3 w 1","zaimportowany z excela 2022-10-13 13:28:06:241"
"4392","Pojemnik do przechowywania awokado","zaimportowany z excela 2022-10-13 13:28:06:241"
"4343","Naklejki na pojemniki do zamrażalnika","zaimportowany z excela 2022-10-13 13:28:06:241"
"4459","Miska do mikrofalówki","zaimportowany z excela 2022-10-13 13:28:06:241"
"1016","Uchwyt na gąbkę ","zaimportowany z excela 2022-10-13 13:28:06:241"
"2026","Uniwersalny płyn odtłuszczający","zaimportowany z excela 2022-10-13 13:28:06:241"
"2082","Tabletki do czyszczenia zmywarek","zaimportowany z excela 2022-10-13 13:28:06:241"
"2023","Żel do czyszczenia WC","zaimportowany z excela 2022-10-13 13:28:06:241"
"2072","Spray do czyszczenia powierzchni silnie zabrudzonych","zaimportowany z excela 2022-10-13 13:28:06:241"
"367552","Płyn do mycia kabin prysznicowych","zaimportowany z excela 2022-10-13 13:28:06:241"
"367553","Żel do usuwania kamienia i rdzy","zaimportowany z excela 2022-10-13 13:28:06:241"
"2013","Płyn do usuwania pleśni i zabrudzeń","zaimportowany z excela 2022-10-13 13:28:06:241"
"368159","Antystatyczna pianka do czyszczenia mebli","zaimportowany z excela 2022-10-13 13:28:06:241"
"2057","Pianka do ekranów LCD","zaimportowany z excela 2022-10-13 13:28:06:241"
"2079","Preparat do czyszczenia okularów","zaimportowany z excela 2022-10-13 13:28:06:241"
"2019","Pasta do butów transparentna","zaimportowany z excela 2022-10-13 13:28:06:241"
"8550","Naklejki antypoślizgowe do łazienki","zaimportowany z excela 2022-10-13 13:28:06:241"
"8588","Wieszak rozkładany","zaimportowany z excela 2022-10-13 13:28:06:241"
"8490","Wieszaki na kaloryfer łazienkowy białe","zaimportowany z excela 2022-10-13 13:28:06:241"
"8491","Wieszaki na kaloryfer łazienkowy przezroczyste","zaimportowany z excela 2022-10-13 13:28:06:241"
"83161","Silikonowa myjka – masażer do ciała","zaimportowany z excela 2022-10-13 13:28:06:241"
"2075","Żel do prania ciemnych tkanin","zaimportowany z excela 2022-10-13 13:28:06:241"
"2014","Żel do prania uniwersalny","zaimportowany z excela 2022-10-13 13:28:06:241"
"2076","Żel do prania białego","zaimportowany z excela 2022-10-13 13:28:06:241"
"2074","Żel do prania kolorowego","zaimportowany z excela 2022-10-13 13:28:06:241"
"2070","Płyn do prania firan i tkanin delikatnych z efektem wybielania","zaimportowany z excela 2022-10-13 13:28:06:241"
"2088","Płyn do płukania tkanin","zaimportowany z excela 2022-10-13 13:28:06:241"
"2086","Perfumy do prania","zaimportowany z excela 2022-10-13 13:28:06:241"
"2071","Wybielacz Oxy","zaimportowany z excela 2022-10-13 13:28:06:241"
"65305","Odplamiacz z enzymami do tkanin białych i kolorowych","zaimportowany z excela 2022-10-13 13:28:06:241"
"2032","Pianka-odplamiacz","zaimportowany z excela 2022-10-13 13:28:06:241"
"367183","Płyn do czyszczenia pralki","zaimportowany z excela 2022-10-13 13:28:06:241"
"8498","Kulki – rzepy","zaimportowany z excela 2022-10-13 13:28:06:241"
"5168","Kawa Blue Dream mielona o smaku ameretto","zaimportowany z excela 2022-10-13 13:28:06:241"
"5166","Kawa Blue Dream mielona o smaku tiramisu","zaimportowany z excela 2022-10-13 13:28:06:241"
"5172","Kawa rozpuszczalna naturalna","zaimportowany z excela 2022-10-13 13:28:06:241"
"5169","Kawa rozpuszczalna - kokosowa","zaimportowany z excela 2022-10-13 13:28:06:241"
"5165","Kawa rozpuszczalna – waniliowa","zaimportowany z excela 2022-10-13 13:28:06:241"
"5170","Kawa rozpuszczalna Advocat","zaimportowany z excela 2022-10-13 13:28:06:241"
"62990","Koktajl Blue Nature waniliowy","zaimportowany z excela 2022-10-13 13:28:06:241"
"62988","Koktajl Blue Nature jogurtowo-wiśniowy","zaimportowany z excela 2022-10-13 13:28:06:241"
"367256","pH-Body Balance","zaimportowany z excela 2022-10-13 13:28:06:241"
"4369","Profesjonalny shaker Blue Nature","zaimportowany z excela 2022-10-13 13:28:06:241"
"5076","Czarna herbata Strawberry Cream","zaimportowany z excela 2022-10-13 13:28:06:241"
"5060","Herbata owocowa Malibu Dream","zaimportowany z excela 2022-10-13 13:28:06:241"
"5078","Herbata zielona Sunrise","zaimportowany z excela 2022-10-13 13:28:06:241"
"5079","Herbata Biała Mango Sun","zaimportowany z excela 2022-10-13 13:28:06:241"
"5042","Antioxidants Green Tea","zaimportowany z excela 2022-10-13 13:28:06:241"
"5037","Fat Burn Piperine","zaimportowany z excela 2022-10-13 13:28:06:241"
"5066","Hair & Nails Complex","zaimportowany z excela 2022-10-13 13:28:06:241"
"5024","Fish Collagen Joints & Skin","zaimportowany z excela 2022-10-13 13:28:06:241"
"5038","Immunity Garlic Power","zaimportowany z excela 2022-10-13 13:28:06:241"
"5054","Pudełko na suplementy","zaimportowany z excela 2022-10-13 13:28:06:241"
"5039","Vitamin C Natural","zaimportowany z excela 2022-10-13 13:28:06:241"
"5053","D3 2000 ADE+K","zaimportowany z excela 2022-10-13 13:28:06:241"
"7164","D3 2000 ADE+K + Vitamin C Natural","zaimportowany z excela 2022-10-13 13:28:06:241"
"5077","Pure Egg Membrane","zaimportowany z excela 2022-10-13 13:28:06:241"
"500050","Victory męska woda perfumowana","zaimportowany z excela 2022-10-13 13:28:06:241"
"5074","Szczoteczka silikonowa do oczyszczania twarzy","zaimportowany z excela 2022-10-13 13:28:06:241"
"5020","Balsam po goleniu i krem do twarzy 2 w 1 Perfect Man","zaimportowany z excela 2022-10-13 13:28:06:241"
"5065","Perfumetka męska Monsieur Lion","zaimportowany z excela 2022-10-13 13:28:06:241"
"7165","Perfumetka męska Monsieur Lion + Balsam po goleniu i krem do twarzy 2 w 1 Perfect Man","zaimportowany z excela 2022-10-13 13:28:06:241"
"5186","Bambusowa szczoteczka z węglem aktywnym do zębów biała","zaimportowany z excela 2022-10-13 13:28:06:241"
"5187","Bambusowa szczoteczka z węglem aktywnym do zębów złota","zaimportowany z excela 2022-10-13 13:28:06:241"
"5188","Bambusowa szczoteczka z węglem aktywnym do zębów żółta","zaimportowany z excela 2022-10-13 13:28:06:241"
"5189","Bambusowa szczoteczka z węglem aktywnym do zębów czerwona","zaimportowany z excela 2022-10-13 13:28:06:241"
"367427","Pasta do zębów Silver Action ze srebrem koloidalnym 50 ml","zaimportowany z excela 2022-10-13 13:28:06:241"
"366934","Proszek do wybielania zębów White Action","zaimportowany z excela 2022-10-13 13:28:06:241"
"5185","Wykałaczki z nicią dentystyczną","zaimportowany z excela 2022-10-13 13:28:06:241"
"500017","Odżywka zwiększająca objętość włosów z ekstraktem z arniki - Conditioner – Volume Boost","zaimportowany z excela 2022-10-13 13:28:06:241"
"5029","Peeling do ciała Senso - migdałowy","zaimportowany z excela 2022-10-13 13:28:06:241"
"5033","Balsam do ciała Senso - migdałowy","zaimportowany z excela 2022-10-13 13:28:06:241"
"5035","Odżywczy żel pod prysznic Senso","zaimportowany z excela 2022-10-13 13:28:06:241"
"5044","Odżywczy krem do rąk SENSO 40ml","zaimportowany z excela 2022-10-13 13:28:06:241"
"5045","Arbuzowa pomadka peelingująca","zaimportowany z excela 2022-10-13 13:28:06:241"
"5030","Peeling do ciała Senso - awokado","zaimportowany z excela 2022-10-13 13:28:06:241"
"5034","Balsam do ciała Senso - awokado","zaimportowany z excela 2022-10-13 13:28:06:241"
"5036","Łagodzący żel pod prysznic Senso","zaimportowany z excela 2022-10-13 13:28:06:241"
"5043","Odżywczy krem do rąk i paznokci Senso","zaimportowany z excela 2022-10-13 13:28:06:241"
"5003","Hydroclinic mleczko do ciała","zaimportowany z excela 2022-10-13 13:28:06:241"
"5004","Hydroclinic żel pod prysznic","zaimportowany z excela 2022-10-13 13:28:06:241"
"5184","Szampon Hydrolinic 250ml","zaimportowany z excela 2022-10-13 13:28:06:241"
"5014","Regenerująca odżywka do włosów w sprayu","zaimportowany z excela 2022-10-13 13:28:06:241"
"7053","Zestaw Hydroclinic","zaimportowany z excela 2022-10-13 13:28:06:241"
